"Reference","Qty","Value","DNP","Exclude from BOM","Exclude from Board","Exclude from Simulation","Exclude from Position Files","Footprint","Datasheet"
"C201,C203,C301","3","1uF","","","","","${EXCLUDE_FROM_POS_FILES}","Capacitor_SMD:C_0805_2012Metric",""
"C202","1","100uF","","","","","${EXCLUDE_FROM_POS_FILES}","Capacitor_SMD:C_0805_2012Metric",""
"C204,C302","2","10uF","","","","","${EXCLUDE_FROM_POS_FILES}","Capacitor_SMD:C_0805_2012Metric",""
"C205","1","22uF","","","","","${EXCLUDE_FROM_POS_FILES}","Capacitor_SMD:C_0805_2012Metric",""
"C206,C303","2","100nF","","","","","${EXCLUDE_FROM_POS_FILES}","Capacitor_SMD:C_0805_2012Metric",""
"C304","1","0.1uF","","","","","${EXCLUDE_FROM_POS_FILES}","Capacitor_SMD:C_0805_2012Metric",""
"C305","1","0.1uf","","","","","${EXCLUDE_FROM_POS_FILES}","Capacitor_SMD:C_0805_2012Metric",""
"C306","1","2.2nf","","","","","${EXCLUDE_FROM_POS_FILES}","Capacitor_SMD:C_0805_2012Metric",""
"C501","1","100nf","","","","","${EXCLUDE_FROM_POS_FILES}","Capacitor_SMD:C_0805_2012Metric",""
"D201","1","SMBJ24A","","","","","${EXCLUDE_FROM_POS_FILES}","Diode_SMD:D_SMB",""
"D301","1","LED","","","","","${EXCLUDE_FROM_POS_FILES}","LED_SMD:LED_0603_1608Metric",""
"F201","1","Fuse","","","","","${EXCLUDE_FROM_POS_FILES}","Fuse:Fuse_1206_3216Metric",""
"J201","1","Conn_01x02_Pin","","","","","${EXCLUDE_FROM_POS_FILES}","Connector_Molex:Molex_Micro-Fit_3.0_43650-0210_1x02-1MP_P3.00mm_Horizontal",""
"J301","1","Conn_01x06_Socket","","","","","${EXCLUDE_FROM_POS_FILES}","Connector_PinHeader_2.54mm:PinHeader_1x06_P2.54mm_Vertical_SMD_Pin1Left",""
"J501","1","Conn_01x06_Pin","","","","","${EXCLUDE_FROM_POS_FILES}","Connector_PinHeader_2.54mm:PinHeader_1x06_P2.54mm_Vertical",""
"J502","1","INTERBOARD","","","","","${EXCLUDE_FROM_POS_FILES}","Connector_Molex:Molex_Micro-Fit_3.0_43045-0610_2x03-1MP_P3.00mm_Horizontal",""
"J503","1","Conn_01x04_Pin","","","","","${EXCLUDE_FROM_POS_FILES}","Connector_Molex:Molex_Micro-Fit_3.0_43650-0412_1x04-1MP_P3.00mm_Horizontal",""
"L201","1","22uH","","","","","${EXCLUDE_FROM_POS_FILES}","Inductor_SMD:L_Bourns_SRN6045TA",""
"R201,R202","2","100kOHM","","","","","${EXCLUDE_FROM_POS_FILES}","Resistor_SMD:R_0805_2012Metric",""
"R203","1","18.7kOHM","","","","","${EXCLUDE_FROM_POS_FILES}","Resistor_SMD:R_0805_2012Metric",""
"R301,R303","2","10kOHM","","","","","${EXCLUDE_FROM_POS_FILES}","Resistor_SMD:R_0805_2012Metric",""
"R302","1","50 OHM","","","","","${EXCLUDE_FROM_POS_FILES}","Resistor_SMD:R_0805_2012Metric",""
"R304,R305","2","4.7kOHM","","","","","${EXCLUDE_FROM_POS_FILES}","Resistor_SMD:R_0805_2012Metric",""
"R306","1","1kOHM","","","","","${EXCLUDE_FROM_POS_FILES}","Resistor_SMD:R_0805_2012Metric",""
"R_CAN_TERM501","1","120 OHM","","","","","${EXCLUDE_FROM_POS_FILES}","Resistor_SMD:R_0805_2012Metric",""
"SW301,SW302","2","SW_Push","","","","","${EXCLUDE_FROM_POS_FILES}","Button_Switch_SMD:SW_SPST_TL3342",""
"U201","1","AP2112K-3.3","","","","","${EXCLUDE_FROM_POS_FILES}","Package_TO_SOT_SMD:SOT-23-5","https://www.diodes.com/assets/Datasheets/AP2112.pdf"
"U202","1","TPS562200","","","","","${EXCLUDE_FROM_POS_FILES}","Package_TO_SOT_SMD:SOT-23-6","http://www.ti.com/lit/ds/symlink/tps563200.pdf"
"U301","1","ESP32-WROOM-32","","","","","${EXCLUDE_FROM_POS_FILES}","RF_Module:ESP32-WROOM-32","https://www.espressif.com/sites/default/files/documentation/esp32-wroom-32_datasheet_en.pdf"
"U302","1","MPU-6050","","","","","${EXCLUDE_FROM_POS_FILES}","Sensor_Motion:InvenSense_QFN-24_4x4mm_P0.5mm","https://invensense.tdk.com/wp-content/uploads/2015/02/MPU-6000-Datasheet1.pdf"
"U501","1","TCAN330","","","","","${EXCLUDE_FROM_POS_FILES}","Package_SO:SOIC-8_3.9x4.9mm_P1.27mm","http://www.ti.com/lit/ds/symlink/tcan337.pdf"
